<?xml version="1.0" encoding="UTF-8" standalone="yes"?>
<addon id="service.downloadmanager.pyload"
       name="pyload"
       version="6.0.6"
       provider-name="unofficial.addon.pro">
  <requires>
    <import addon="os.openelec.tv" version="6.0"/>
    <import addon="xbmc.python" version="2.1.0"/>

  </requires>
  <extension point="xbmc.service" library="default.py">
    <provides></provides>
  </extension>
  <extension point="xbmc.addon.metadata">
    <summary>pyLoad is a fast, lightweight and full featured download manager</summary>
    <description>
pyLoad is a fast, lightweight and full featured download manager for many One-Click-Hoster, container formats like DLC, video sites or just plain http/ftp links. It aims for low hardware requirements and platform independence to be runnable on all kind of systems (desktop pc, netbook, NAS, router).
    </description>
    <disclaimer>

    </disclaimer>
    <platform>all</platform>
  </extension>
</addon>
